{"cameraMode":{"drawMode":0,"name":"Shaded","section":"Shading Mode"},"sceneLighting":false,"audioPlay":false,"sceneViewState":{"showFog":true,"showMaterialUpdate":false,"showSkybox":false,"showFlares":true,"showImageEffects":true,"showParticleSystems":true,"showVisualEffectGraphs":true,"m_FxEnabled":true},"in2DMode":false,"pivot":{"x":0.28011494874954226,"y":3.9701313972473146,"z":-8.24228286743164},"rotation":{"x":0.00019175892521161586,"y":0.999218761920929,"z":-0.03929958865046501,"w":0.004797368310391903},"size":11.725656509399414,"orthographic":false}