{"cameraMode":{"drawMode":0,"name":"Shaded","section":"Shading Mode"},"sceneLighting":false,"audioPlay":false,"sceneViewState":{"showFog":true,"showMaterialUpdate":false,"showSkybox":false,"showFlares":true,"showImageEffects":true,"showParticleSystems":true,"showVisualEffectGraphs":true,"m_FxEnabled":true},"in2DMode":false,"pivot":{"x":-0.0840001106262207,"y":1.4510002136230469,"z":-0.03900003433227539},"rotation":{"x":0.009411640465259552,"y":-0.9892938137054443,"z":0.12531539797782899,"w":0.07431895285844803},"size":1.4835598468780518,"orthographic":false}